model_name,selection_split,loss_type,lambda_fair,test_auc,test_accuracy,test_balanced_accuracy,test_recall_class_1,test_precision_class_1,test_f1_class_1,test_pearson_sq,test_cka_rbf,test_mean_pred_gap_abs,test_predicted_positive_rate_gap_abs
base_punto_1,not_applicable,BCE,0.0,0.7365597832082124,0.6898800039023121,0.6720355843220495,0.6507552870090635,0.1570734078755469,0.2530644213824163,0.011582460628459898,0.014428231541920763,0.03929528594017029,0.08666472974889533
fair_Pearson²_lambda_10.0,validation,Pearson²,10.0,0.7270488766003587,0.6939774316282398,0.6698548772728412,0.6410876132930513,0.15740282860251212,0.25274943423194507,0.0002939659043388578,0.0009725680670749434,0.005754023790359497,0.025981257437263372
