variable,missing_count,missing_rate
EXT_SOURCE_1,173376,0.5638115555093055
EXT_SOURCE_2,660,0.0021462926047211934
EXT_SOURCE_3,60965,0.19825564946489024
