model_name,mean_pred_gap_abs,predicted_positive_rate_gap_abs,target_rate_gap_abs
base_punto_1,0.040723323822021484,0.09228172538183443,0.031635422911068134
fair_CKA RBF_lambda_10.0,0.004502683877944946,0.017632163168747383,0.031635422911068134
