test_auc,test_accuracy,balanced_accuracy,recall_class_1,precision_class_1,f1_class_1,tn,fp,fn,tp
0.7369281986481204,0.6825469090436084,0.6744773276386962,0.6648539778449144,0.15599451821747554,0.2526984613029166,38677,17860,1664,3301
