test_auc,test_accuracy,balanced_accuracy,recall_class_1,precision_class_1,f1_class_1,tn,fp,fn,tp
0.7365597832082124,0.6898800039023121,0.6720355843220495,0.6507552870090635,0.1570734078755469,0.2530644213824163,39198,17339,1734,3231
